Stazione,Cod_staz,COMUNE,INDIRIZZO,PROVINCIA,Altezza,Id_Param,PARAMETRO,UM,Coord_X,Coord_Y,SR,LON_GEO,LAT_GEO,SR_GEO
GIARDINI MARGHERITA,7.000.014,BOLOGNA,VIALE BOTTONELLI,BO,43,5,PM10,ug/m3,687199.06080000009,4928179.7212000005,25832,11.35406170088398,44.482671138769533,4326
GIARDINI MARGHERITA,7.000.014,BOLOGNA,VIALE BOTTONELLI,BO,43,7,O3 (Ozono),ug/m3,687199.06080000009,4928179.7212000005,25832,11.35406170088398,44.482671138769533,4326
GIARDINI MARGHERITA,7.000.014,BOLOGNA,VIALE BOTTONELLI,BO,43,8,NO2 (Biossido di azoto),ug/m3,687199.06080000009,4928179.7212000005,25832,11.35406170088398,44.482671138769533,4326
GIARDINI MARGHERITA,7.000.014,BOLOGNA,VIALE BOTTONELLI,BO,43,111,PM2.5,ug/m3,687199.06080000009,4928179.7212000005,25832,11.35406170088398,44.482671138769533,4326
PORTA SAN FELICE,7.000.015,BOLOGNA,PIAZZA DI PORTA SAN FELICE,BO,54,5,PM10,ug/m3,685037.07620000001,4929939.7402999997,25832,11.327526717440112,44.499059983334519,4326
PORTA SAN FELICE,7.000.015,BOLOGNA,PIAZZA DI PORTA SAN FELICE,BO,54,8,NO2 (Biossido di azoto),ug/m3,685037.07620000001,4929939.7402999997,25832,11.327526717440112,44.499059983334519,4326
PORTA SAN FELICE,7.000.015,BOLOGNA,PIAZZA DI PORTA SAN FELICE,BO,54,9,NOX (Ossidi di azoto),ug/m3,685037.07620000001,4929939.7402999997,25832,11.327526717440112,44.499059983334519,4326
PORTA SAN FELICE,7.000.015,BOLOGNA,PIAZZA DI PORTA SAN FELICE,BO,54,10,CO (Monossido di carbonio),mg/m3,685037.07620000001,4929939.7402999997,25832,11.327526717440112,44.499059983334519,4326
PORTA SAN FELICE,7.000.015,BOLOGNA,PIAZZA DI PORTA SAN FELICE,BO,54,20,C6H6 (Benzene),ug/m3,685037.07620000001,4929939.7402999997,25832,11.327526717440112,44.499059983334519,4326
PORTA SAN FELICE,7.000.015,BOLOGNA,PIAZZA DI PORTA SAN FELICE,BO,54,38,NO (Monossido di azoto),ug/m3,685037.07620000001,4929939.7402999997,25832,11.327526717440112,44.499059983334519,4326
PORTA SAN FELICE,7.000.015,BOLOGNA,PIAZZA DI PORTA SAN FELICE,BO,54,111,PM2.5,ug/m3,685037.07620000001,4929939.7402999997,25832,11.327526717440112,44.499059983334519,4326
VIA CHIARINI,7.000.041,BOLOGNA,VIA CHIARINI,BO,56,5,PM10,ug/m3,681663.08380000014,4929852.7635999992,25832,11.285089594971216,44.499134335170289,4326
VIA CHIARINI,7.000.041,BOLOGNA,VIA CHIARINI,BO,56,7,O3 (Ozono),ug/m3,681663.08380000014,4929852.7635999992,25832,11.285089594971216,44.499134335170289,4326
VIA CHIARINI,7.000.041,BOLOGNA,VIA CHIARINI,BO,56,8,NO2 (Biossido di azoto),ug/m3,681663.08380000014,4929852.7635999992,25832,11.285089594971216,44.499134335170289,4326
DE AMICIS,7.000.002,IMOLA,VIALE DE AMICIS,BO,42,5,PM10,ug/m3,716749.99230000004,4914841.6700999998,25832,11.719711038978771,44.354466811944611,4326
DE AMICIS,7.000.002,IMOLA,VIALE DE AMICIS,BO,42,8,NO2 (Biossido di azoto),ug/m3,716749.99230000004,4914841.6700999998,25832,11.719711038978771,44.354466811944611,4326
DE AMICIS,7.000.002,IMOLA,VIALE DE AMICIS,BO,42,9,NOX (Ossidi di azoto),ug/m3,716749.99230000004,4914841.6700999998,25832,11.719711038978771,44.354466811944611,4326
DE AMICIS,7.000.002,IMOLA,VIALE DE AMICIS,BO,42,10,CO (Monossido di carbonio),mg/m3,716749.99230000004,4914841.6700999998,25832,11.719711038978771,44.354466811944611,4326
DE AMICIS,7.000.002,IMOLA,VIALE DE AMICIS,BO,42,38,NO (Monossido di azoto),ug/m3,716749.99230000004,4914841.6700999998,25832,11.719711038978771,44.354466811944611,4326
SAN PIETRO CAPOFIUME,7.000.027,MOLINELLA,VIA IDICE ABBANDONATO,BO,11,5,PM10,ug/m3,708044.22750000004,4947784.5691999998,25832,11.623854093048257,44.653280189470863,4326
SAN PIETRO CAPOFIUME,7.000.027,MOLINELLA,VIA IDICE ABBANDONATO,BO,11,7,O3 (Ozono),ug/m3,708044.22750000004,4947784.5691999998,25832,11.623854093048257,44.653280189470863,4326
SAN PIETRO CAPOFIUME,7.000.027,MOLINELLA,VIA IDICE ABBANDONATO,BO,11,8,NO2 (Biossido di azoto),ug/m3,708044.22750000004,4947784.5691999998,25832,11.623854093048257,44.653280189470863,4326
SAN PIETRO CAPOFIUME,7.000.027,MOLINELLA,VIA IDICE ABBANDONATO,BO,11,9,NOX (Ossidi di azoto),ug/m3,708044.22750000004,4947784.5691999998,25832,11.623854093048257,44.653280189470863,4326
SAN PIETRO CAPOFIUME,7.000.027,MOLINELLA,VIA IDICE ABBANDONATO,BO,11,38,NO (Monossido di azoto),ug/m3,708044.22750000004,4947784.5691999998,25832,11.623854093048257,44.653280189470863,4326
SAN PIETRO CAPOFIUME,7.000.027,MOLINELLA,VIA IDICE ABBANDONATO,BO,11,111,PM2.5,ug/m3,708044.22750000004,4947784.5691999998,25832,11.623854093048257,44.653280189470863,4326
SAN PIETRO CAPOFIUME,7.000.027,MOLINELLA,VIA IDICE ABBANDONATO,BO,11,35,NH3 (Ammonia),ug/m3,708044.22750000004,4947784.5691999998,25832,11.623854093048257,44.653280189470863,4326
CASTELLUCCIO,7.000.042,PORRETTA TERME,VIA MONTECAVALLO,BO,970,5,PM10,ug/m3,653269.47240000032,4889149.0434000008,25832,10.916190994558958,44.139471648255153,4326
CASTELLUCCIO,7.000.042,PORRETTA TERME,VIA MONTECAVALLO,BO,970,7,O3 (Ozono),ug/m3,653269.47240000032,4889149.0434000008,25832,10.916190994558958,44.139471648255153,4326
CASTELLUCCIO,7.000.042,PORRETTA TERME,VIA MONTECAVALLO,BO,970,8,NO2 (Biossido di azoto),ug/m3,653269.47240000032,4889149.0434000008,25832,10.916190994558958,44.139471648255153,4326
CASTELLUCCIO,7.000.042,PORRETTA TERME,VIA MONTECAVALLO,BO,970,111,PM2.5,ug/m3,653269.47240000032,4889149.0434000008,25832,10.916190994558958,44.139471648255153,4326
SAN LAZZARO,7.000.024,SAN LAZZARO DI SAVENA,VIA POGGI,BO,64,5,PM10,ug/m3,692149.04700000025,4926496.6633000001,25832,11.415629343017233,44.466232977185605,4326
SAN LAZZARO,7.000.024,SAN LAZZARO DI SAVENA,VIA POGGI,BO,64,38,NO (Monossido di azoto),ug/m3,692149.04700000025,4926496.6633000001,25832,11.415629343017233,44.466232977185605,4326
CABINA MAINSITE,7.000.047,BOLOGNA,VIA GOBETTI,BO,,1,SO2 (Biossido di zolfo),ug/m3,686021.41,4932810.16,25832,11.340932,44.524627,4326
CABINA MAINSITE,7.000.047,BOLOGNA,VIA GOBETTI,BO,,5,PM10,ug/m3,686021.41,4932810.16,25832,11.340932,44.524627,4326
CABINA MAINSITE,7.000.047,BOLOGNA,VIA GOBETTI,BO,,111,PM2.5,ug/m3,686021.41,4932810.16,25832,11.340932,44.524627,4326
CABINA MAINSITE,7.000.047,BOLOGNA,VIA GOBETTI,BO,,128,PM1,ug/m3,686021.41,4932810.16,25832,11.340932,44.524627,4326
CABINA MAINSITE,7.000.047,BOLOGNA,VIA GOBETTI,BO,,129,P>0.28,n/l,686021.41,4932810.16,25832,11.340932,44.524627,4326
CABINA MAINSITE,7.000.047,BOLOGNA,VIA GOBETTI,BO,,130,P>0.4,n/l,686021.41,4932810.16,25832,11.340932,44.524627,4326
CABINA MAINSITE,7.000.047,BOLOGNA,VIA GOBETTI,BO,,131,P>0.5,n/l,686021.41,4932810.16,25832,11.340932,44.524627,4326
CABINA MAINSITE,7.000.047,BOLOGNA,VIA GOBETTI,BO,,132,P>0.7,n/l,686021.41,4932810.16,25832,11.340932,44.524627,4326
CABINA MAINSITE,7.000.047,BOLOGNA,VIA GOBETTI,BO,,133,P>1.1,n/l,686021.41,4932810.16,25832,11.340932,44.524627,4326
CABINA MAINSITE,7.000.047,BOLOGNA,VIA GOBETTI,BO,,134,P>2,n/l,686021.41,4932810.16,25832,11.340932,44.524627,4326
CABINA MAINSITE,7.000.047,BOLOGNA,VIA GOBETTI,BO,,135,P>3,n/l,686021.41,4932810.16,25832,11.340932,44.524627,4326
CABINA MAINSITE,7.000.047,BOLOGNA,VIA GOBETTI,BO,,136,P>5,n/l,686021.41,4932810.16,25832,11.340932,44.524627,4326
CABINA MOLINELLA,7.000.046,MOLINELLA,VIA IDICE ABBANDONATO,BO,,5,PM10,ug/m3,708105.42,4947636.74,25832,11.624565,44.651933,4326
CABINA MOLINELLA,7.000.046,MOLINELLA,VIA IDICE ABBANDONATO,BO,,111,PM2.5,ug/m3,708105.42,4947636.74,25832,11.624565,44.651933,4326
CABINA MOLINELLA,7.000.046,MOLINELLA,VIA IDICE ABBANDONATO,BO,,128,PM1,ug/m3,708105.42,4947636.74,25832,11.624565,44.651933,4326
CABINA MOLINELLA,7.000.046,MOLINELLA,VIA IDICE ABBANDONATO,BO,,129,P>0.28,n/l,708105.42,4947636.74,25832,11.624565,44.651933,4326
CABINA MOLINELLA,7.000.046,MOLINELLA,VIA IDICE ABBANDONATO,BO,,130,P>0.4,n/l,708105.42,4947636.74,25832,11.624565,44.651933,4326
CABINA MOLINELLA,7.000.046,MOLINELLA,VIA IDICE ABBANDONATO,BO,,131,P>0.5,n/l,708105.42,4947636.74,25832,11.624565,44.651933,4326
CABINA MOLINELLA,7.000.046,MOLINELLA,VIA IDICE ABBANDONATO,BO,,132,P>0.7,n/l,708105.42,4947636.74,25832,11.624565,44.651933,4326
CABINA MOLINELLA,7.000.046,MOLINELLA,VIA IDICE ABBANDONATO,BO,,133,P>1.1,n/l,708105.42,4947636.74,25832,11.624565,44.651933,4326
CABINA MOLINELLA,7.000.046,MOLINELLA,VIA IDICE ABBANDONATO,BO,,134,P>2,n/l,708105.42,4947636.74,25832,11.624565,44.651933,4326
CABINA MOLINELLA,7.000.046,MOLINELLA,VIA IDICE ABBANDONATO,BO,,135,P>3,n/l,708105.42,4947636.74,25832,11.624565,44.651933,4326
CABINA MOLINELLA,7.000.046,MOLINELLA,VIA IDICE ABBANDONATO,BO,,136,P>5,n/l,708105.42,4947636.74,25832,11.624565,44.651933,4326
FRANCHINI-ANGELONI,6.000.014,CESENA,PIAZZA FRANCHINI ANGELONI,FC,41,5,PM10,ug/m3,759458.21239999961,4892587.4477999993,25832,12.243790828606755,44.140425107966493,4326
FRANCHINI-ANGELONI,6.000.014,CESENA,PIAZZA FRANCHINI ANGELONI,FC,41,8,NO2 (Biossido di azoto),ug/m3,759458.21239999961,4892587.4477999993,25832,12.243790828606755,44.140425107966493,4326
FRANCHINI-ANGELONI,6.000.014,CESENA,PIAZZA FRANCHINI ANGELONI,FC,41,9,NOX (Ossidi di azoto),ug/m3,759458.21239999961,4892587.4477999993,25832,12.243790828606755,44.140425107966493,4326
FRANCHINI-ANGELONI,6.000.014,CESENA,PIAZZA FRANCHINI ANGELONI,FC,41,38,NO (Monossido di azoto),ug/m3,759458.21239999961,4892587.4477999993,25832,12.243790828606755,44.140425107966493,4326
PARCO RESISTENZA,6.000.010,FORLI',VIALE SPAZZOLI 15,FC,29,5,PM10,ug/m3,743429.54200000037,4900179.3715000004,25832,12.047203857220106,44.214192060885615,4326
PARCO RESISTENZA,6.000.010,FORLI',VIALE SPAZZOLI 15,FC,29,7,O3 (Ozono),ug/m3,743429.54200000037,4900179.3715000004,25832,12.047203857220106,44.214192060885615,4326
PARCO RESISTENZA,6.000.010,FORLI',VIALE SPAZZOLI 15,FC,29,8,NO2 (Biossido di azoto),ug/m3,743429.54200000037,4900179.3715000004,25832,12.047203857220106,44.214192060885615,4326
PARCO RESISTENZA,6.000.010,FORLI',VIALE SPAZZOLI 15,FC,29,9,NOX (Ossidi di azoto),ug/m3,743429.54200000037,4900179.3715000004,25832,12.047203857220106,44.214192060885615,4326
PARCO RESISTENZA,6.000.010,FORLI',VIALE SPAZZOLI 15,FC,29,38,NO (Monossido di azoto),ug/m3,743429.54200000037,4900179.3715000004,25832,12.047203857220106,44.214192060885615,4326
PARCO RESISTENZA,6.000.010,FORLI',VIALE SPAZZOLI 15,FC,29,111,PM2.5,ug/m3,743429.54200000037,4900179.3715000004,25832,12.047203857220106,44.214192060885615,4326
ROMA,6.000.011,FORLI',VIA ROMA 128,FC,25,5,PM10,ug/m3,744172.52819999959,4900298.3576999996,25832,12.056546690819825,44.215013441115381,4326
ROMA,6.000.011,FORLI',VIA ROMA 128,FC,25,8,NO2 (Biossido di azoto),ug/m3,744172.52819999959,4900298.3576999996,25832,12.056546690819825,44.215013441115381,4326
ROMA,6.000.011,FORLI',VIA ROMA 128,FC,25,9,NOX (Ossidi di azoto),ug/m3,744172.52819999959,4900298.3576999996,25832,12.056546690819825,44.215013441115381,4326
ROMA,6.000.011,FORLI',VIA ROMA 128,FC,25,10,CO (Monossido di carbonio),mg/m3,744172.52819999959,4900298.3576999996,25832,12.056546690819825,44.215013441115381,4326
ROMA,6.000.011,FORLI',VIA ROMA 128,FC,25,20,C6H6 (Benzene),ug/m3,744172.52819999959,4900298.3576999996,25832,12.056546690819825,44.215013441115381,4326
ROMA,6.000.011,FORLI',VIA ROMA 128,FC,25,21,C6H5-CH3 (Toluene),ug/m3,744172.52819999959,4900298.3576999996,25832,12.056546690819825,44.215013441115381,4326
ROMA,6.000.011,FORLI',VIA ROMA 128,FC,25,38,NO (Monossido di azoto),ug/m3,744172.52819999959,4900298.3576999996,25832,12.056546690819825,44.215013441115381,4326
SAVIGNANO,6.000.031,SAVIGNANO SUL RUBICONE,VIA DONATI,FC,32,5,PM10,ug/m3,772347.87009999994,4888155.6052999999,25832,12.402375318803843,44.095908083099353,4326
SAVIGNANO,6.000.031,SAVIGNANO SUL RUBICONE,VIA DONATI,FC,32,7,O3 (Ozono),ug/m3,772347.87009999994,4888155.6052999999,25832,12.402375318803843,44.095908083099353,4326
SAVIGNANO,6.000.031,SAVIGNANO SUL RUBICONE,VIA DONATI,FC,32,8,NO2 (Biossido di azoto),ug/m3,772347.87009999994,4888155.6052999999,25832,12.402375318803843,44.095908083099353,4326
SAVIGNANO,6.000.031,SAVIGNANO SUL RUBICONE,VIA DONATI,FC,32,9,NOX (Ossidi di azoto),ug/m3,772347.87009999994,4888155.6052999999,25832,12.402375318803843,44.095908083099353,4326
SAVIGNANO,6.000.031,SAVIGNANO SUL RUBICONE,VIA DONATI,FC,32,38,NO (Monossido di azoto),ug/m3,772347.87009999994,4888155.6052999999,25832,12.402375318803843,44.095908083099353,4326
SAVIGNANO,6.000.031,SAVIGNANO SUL RUBICONE,VIA DONATI,FC,32,111,PM2.5,ug/m3,772347.87009999994,4888155.6052999999,25832,12.402375318803843,44.095908083099353,4326
SAVIGNANO DI RIGO,6.000.036,SOGLIANO AL RUBICONE,VIA DEL CIMITERO,FC,615,5,PM10,ug/m3,758793.29829999991,4868756.7357000001,25832,12.223844778717641,43.926443316435282,4326
SAVIGNANO DI RIGO,6.000.036,SOGLIANO AL RUBICONE,VIA DEL CIMITERO,FC,615,7,O3 (Ozono),ug/m3,758793.29829999991,4868756.7357000001,25832,12.223844778717641,43.926443316435282,4326
SAVIGNANO DI RIGO,6.000.036,SOGLIANO AL RUBICONE,VIA DEL CIMITERO,FC,615,8,NO2 (Biossido di azoto),ug/m3,758793.29829999991,4868756.7357000001,25832,12.223844778717641,43.926443316435282,4326
SAVIGNANO DI RIGO,6.000.036,SOGLIANO AL RUBICONE,VIA DEL CIMITERO,FC,615,9,NOX (Ossidi di azoto),ug/m3,758793.29829999991,4868756.7357000001,25832,12.223844778717641,43.926443316435282,4326
SAVIGNANO DI RIGO,6.000.036,SOGLIANO AL RUBICONE,VIA DEL CIMITERO,FC,615,38,NO (Monossido di azoto),ug/m3,758793.29829999991,4868756.7357000001,25832,12.223844778717641,43.926443316435282,4326
CENTO,8.000.038,CENTO,VIA PARCO DEL RENO,FE,15,5,PM10,ug/m3,682014.31670000032,4955756.9253000002,25832,11.298683230587722,44.732061794304208,4326
CENTO,8.000.038,CENTO,VIA PARCO DEL RENO,FE,15,7,O3 (Ozono),ug/m3,682014.31670000032,4955756.9253000002,25832,11.298683230587722,44.732061794304208,4326
CENTO,8.000.038,CENTO,VIA PARCO DEL RENO,FE,15,8,NO2 (Biossido di azoto),ug/m3,682014.31670000032,4955756.9253000002,25832,11.298683230587722,44.732061794304208,4326
ISONZO,8.000.002,FERRARA,CORSO ISONZO,FE,8,5,PM10,ug/m3,706446.35500000045,4968667.7422000002,25832,11.612172986420699,44.841543331777181,4326
ISONZO,8.000.002,FERRARA,CORSO ISONZO,FE,8,8,NO2 (Biossido di azoto),ug/m3,706446.35500000045,4968667.7422000002,25832,11.612172986420699,44.841543331777181,4326
ISONZO,8.000.002,FERRARA,CORSO ISONZO,FE,8,10,CO (Monossido di carbonio),mg/m3,706446.35500000045,4968667.7422000002,25832,11.612172986420699,44.841543331777181,4326
ISONZO,8.000.002,FERRARA,CORSO ISONZO,FE,8,20,C6H6 (Benzene),ug/m3,706446.35500000045,4968667.7422000002,25832,11.612172986420699,44.841543331777181,4326
VILLA FULVIA,8.000.040,FERRARA,VIA DELLE MANDRIOLE,FE,8,5,PM10,ug/m3,709395.3638000004,4966736.6820999999,25832,11.648651264570564,44.82331892130918,4326
VILLA FULVIA,8.000.040,FERRARA,VIA DELLE MANDRIOLE,FE,8,7,O3 (Ozono),ug/m3,709395.3638000004,4966736.6820999999,25832,11.648651264570564,44.82331892130918,4326
VILLA FULVIA,8.000.040,FERRARA,VIA DELLE MANDRIOLE,FE,8,8,NO2 (Biossido di azoto),ug/m3,709395.3638000004,4966736.6820999999,25832,11.648651264570564,44.82331892130918,4326
VILLA FULVIA,8.000.040,FERRARA,VIA DELLE MANDRIOLE,FE,8,111,PM2.5,ug/m3,709395.3638000004,4966736.6820999999,25832,11.648651264570564,44.82331892130918,4326
GHERARDI,8.000.007,JOLANDA DI SAVOIA,GHERARDI,FE,-2,5,PM10,ug/m3,733970.42360000033,4969308.4445999991,25832,11.960294069157424,44.838811311844914,4326
GHERARDI,8.000.007,JOLANDA DI SAVOIA,GHERARDI,FE,-2,7,O3 (Ozono),ug/m3,733970.42360000033,4969308.4445999991,25832,11.960294069157424,44.838811311844914,4326
GHERARDI,8.000.007,JOLANDA DI SAVOIA,GHERARDI,FE,-2,8,NO2 (Biossido di azoto),ug/m3,733970.42360000033,4969308.4445999991,25832,11.960294069157424,44.838811311844914,4326
GHERARDI,8.000.007,JOLANDA DI SAVOIA,GHERARDI,FE,-2,111,PM2.5,ug/m3,733970.42360000033,4969308.4445999991,25832,11.960294069157424,44.838811311844914,4326
OSTELLATO,8.000.041,OSTELLATO,VIA STRADA MEZZANO,FE,0,7,O3 (Ozono),ug/m3,732841.2703999998,4958271.4353999998,25832,11.94097876124348,44.73995385648027,4326
OSTELLATO,8.000.041,OSTELLATO,VIA STRADA MEZZANO,FE,0,8,NO2 (Biossido di azoto),ug/m3,732841.2703999998,4958271.4353999998,25832,11.94097876124348,44.73995385648027,4326
OSTELLATO,8.000.041,OSTELLATO,VIA STRADA MEZZANO,FE,0,111,PM2.5,ug/m3,732841.2703999998,4958271.4353999998,25832,11.94097876124348,44.73995385648027,4326
REMESINA,4.000.012,CARPI,VIA REMESINA,MO,25,5,PM10,ug/m3,648947.53160000034,4962394.7825000007,25832,10.88326841859053,44.799426460809649,4326
REMESINA,4.000.012,CARPI,VIA REMESINA,MO,25,7,O3 (Ozono),ug/m3,648947.53160000034,4962394.7825000007,25832,10.88326841859053,44.799426460809649,4326
REMESINA,4.000.012,CARPI,VIA REMESINA,MO,25,8,NO2 (Biossido di azoto),ug/m3,648947.53160000034,4962394.7825000007,25832,10.88326841859053,44.799426460809649,4326
REMESINA,4.000.012,CARPI,VIA REMESINA,MO,25,38,NO (Monossido di azoto),ug/m3,648947.53160000034,4962394.7825000007,25832,10.88326841859053,44.799426460809649,4326
SAN FRANCESCO,4.000.110,FIORANO MODENESE,VIA SAN FRANCESCO,MO,131,5,PM10,ug/m3,644496.45529999956,4933593.6762000006,25832,10.8188926493122,44.541191464427968,4326
SAN FRANCESCO,4.000.110,FIORANO MODENESE,VIA SAN FRANCESCO,MO,131,8,NO2 (Biossido di azoto),ug/m3,644496.45529999956,4933593.6762000006,25832,10.8188926493122,44.541191464427968,4326
SAN FRANCESCO,4.000.110,FIORANO MODENESE,VIA SAN FRANCESCO,MO,131,10,CO (Monossido di carbonio),mg/m3,644496.45529999956,4933593.6762000006,25832,10.8188926493122,44.541191464427968,4326
SAN FRANCESCO,4.000.110,FIORANO MODENESE,VIA SAN FRANCESCO,MO,131,20,C6H6 (Benzene),ug/m3,644496.45529999956,4933593.6762000006,25832,10.8188926493122,44.541191464427968,4326
SAN FRANCESCO,4.000.110,FIORANO MODENESE,VIA SAN FRANCESCO,MO,131,38,NO (Monossido di azoto),ug/m3,644496.45529999956,4933593.6762000006,25832,10.8188926493122,44.541191464427968,4326
GAVELLO,4.000.152,MIRANDOLA,VIA GAZZI,MO,4,5,PM10,ug/m3,671872.42449999973,4977241.2115000002,25832,11.177964450333798,44.927833640731031,4326
GAVELLO,4.000.152,MIRANDOLA,VIA GAZZI,MO,4,7,O3 (Ozono),ug/m3,671872.42449999973,4977241.2115000002,25832,11.177964450333798,44.927833640731031,4326
GAVELLO,4.000.152,MIRANDOLA,VIA GAZZI,MO,4,8,NO2 (Biossido di azoto),ug/m3,671872.42449999973,4977241.2115000002,25832,11.177964450333798,44.927833640731031,4326
GAVELLO,4.000.152,MIRANDOLA,VIA GAZZI,MO,4,111,PM2.5,ug/m3,671872.42449999973,4977241.2115000002,25832,11.177964450333798,44.927833640731031,4326
GIARDINI,4.000.002,MODENA,VIA GIARDINI,MO,39,5,PM10,ug/m3,651070.39699999988,4944283.5441999994,25832,10.904739406479576,44.636027129237114,4326
GIARDINI,4.000.002,MODENA,VIA GIARDINI,MO,39,8,NO2 (Biossido di azoto),ug/m3,651070.39699999988,4944283.5441999994,25832,10.904739406479576,44.636027129237114,4326
GIARDINI,4.000.002,MODENA,VIA GIARDINI,MO,39,10,CO (Monossido di carbonio),mg/m3,651070.39699999988,4944283.5441999994,25832,10.904739406479576,44.636027129237114,4326
GIARDINI,4.000.002,MODENA,VIA GIARDINI,MO,39,20,C6H6 (Benzene),ug/m3,651070.39699999988,4944283.5441999994,25832,10.904739406479576,44.636027129237114,4326
GIARDINI,4.000.002,MODENA,VIA GIARDINI,MO,39,38,NO (Monossido di azoto),ug/m3,651070.39699999988,4944283.5441999994,25832,10.904739406479576,44.636027129237114,4326
PARCO FERRARI,4.000.022,MODENA,PARCO FERRARI,MO,30,5,PM10,ug/m3,651158.40469999984,4945906.5571999997,25832,10.906326763451641,44.650611684164531,4326
PARCO FERRARI,4.000.022,MODENA,PARCO FERRARI,MO,30,7,O3 (Ozono),ug/m3,651158.40469999984,4945906.5571999997,25832,10.906326763451641,44.650611684164531,4326
PARCO FERRARI,4.000.022,MODENA,PARCO FERRARI,MO,30,8,NO2 (Biossido di azoto),ug/m3,651158.40469999984,4945906.5571999997,25832,10.906326763451641,44.650611684164531,4326
PARCO FERRARI,4.000.022,MODENA,PARCO FERRARI,MO,30,38,NO (Monossido di azoto),ug/m3,651158.40469999984,4945906.5571999997,25832,10.906326763451641,44.650611684164531,4326
PARCO FERRARI,4.000.022,MODENA,PARCO FERRARI,MO,30,111,PM2.5,ug/m3,651158.40469999984,4945906.5571999997,25832,10.906326763451641,44.650611684164531,4326
PARCO EDILCARANI,4.000.155,SASSUOLO,PARCO EDILCARANI,MO,118,5,PM10,ug/m3,642314.46530000027,4933348.6898999996,25832,10.791372046408874,44.53942105479787,4326
PARCO EDILCARANI,4.000.155,SASSUOLO,PARCO EDILCARANI,MO,118,7,O3 (Ozono),ug/m3,642314.46530000027,4933348.6898999996,25832,10.791372046408874,44.53942105479787,4326
PARCO EDILCARANI,4.000.155,SASSUOLO,PARCO EDILCARANI,MO,118,8,NO2 (Biossido di azoto),ug/m3,642314.46530000027,4933348.6898999996,25832,10.791372046408874,44.53942105479787,4326
PARCO EDILCARANI,4.000.155,SASSUOLO,PARCO EDILCARANI,MO,118,38,NO (Monossido di azoto),ug/m3,642314.46530000027,4933348.6898999996,25832,10.791372046408874,44.53942105479787,4326
PARCO EDILCARANI,4.000.155,SASSUOLO,PARCO EDILCARANI,MO,118,111,PM2.5,ug/m3,642314.46530000027,4933348.6898999996,25832,10.791372046408874,44.53942105479787,4326
BESENZONE,5.000.062,BESENZONE,VIA PAVESA C/O CIMITERO,PC,50,5,PM10,ug/m3,580265.34499999974,4982183.2808999997,25832,10.018195275084834,44.988555404261263,4326
BESENZONE,5.000.062,BESENZONE,VIA PAVESA C/O CIMITERO,PC,50,7,O3 (Ozono),ug/m3,580265.34499999974,4982183.2808999997,25832,10.018195275084834,44.988555404261263,4326
BESENZONE,5.000.062,BESENZONE,VIA PAVESA C/O CIMITERO,PC,50,8,NO2 (Biossido di azoto),ug/m3,580265.34499999974,4982183.2808999997,25832,10.018195275084834,44.988555404261263,4326
BESENZONE,5.000.062,BESENZONE,VIA PAVESA C/O CIMITERO,PC,50,9,NOX (Ossidi di azoto),ug/m3,580265.34499999974,4982183.2808999997,25832,10.018195275084834,44.988555404261263,4326
BESENZONE,5.000.062,BESENZONE,VIA PAVESA C/O CIMITERO,PC,50,38,NO (Monossido di azoto),ug/m3,580265.34499999974,4982183.2808999997,25832,10.018195275084834,44.988555404261263,4326
BESENZONE,5.000.062,BESENZONE,VIA PAVESA C/O CIMITERO,PC,50,111,PM2.5,ug/m3,580265.34499999974,4982183.2808999997,25832,10.018195275084834,44.988555404261263,4326
CORTE BRUGNATELLA,5.000.066,CORTE BRUGNATELLA,LOC. CARANA,PC,765,5,PM10,ug/m3,528972.49060000014,4953440.5896000005,25832,9.3659092305742124,44.733762462103954,4326
CORTE BRUGNATELLA,5.000.066,CORTE BRUGNATELLA,LOC. CARANA,PC,765,7,O3 (Ozono),ug/m3,528972.49060000014,4953440.5896000005,25832,9.3659092305742124,44.733762462103954,4326
CORTE BRUGNATELLA,5.000.066,CORTE BRUGNATELLA,LOC. CARANA,PC,765,8,NO2 (Biossido di azoto),ug/m3,528972.49060000014,4953440.5896000005,25832,9.3659092305742124,44.733762462103954,4326
CORTE BRUGNATELLA,5.000.066,CORTE BRUGNATELLA,LOC. CARANA,PC,765,9,NOX (Ossidi di azoto),ug/m3,528972.49060000014,4953440.5896000005,25832,9.3659092305742124,44.733762462103954,4326
CORTE BRUGNATELLA,5.000.066,CORTE BRUGNATELLA,LOC. CARANA,PC,765,38,NO (Monossido di azoto),ug/m3,528972.49060000014,4953440.5896000005,25832,9.3659092305742124,44.733762462103954,4326
LUGAGNANO,5.000.007,LUGAGNANO VAL D'ARDA,VIA FERMI 9,PC,210,5,PM10,ug/m3,565567.33420000039,4963615.8533999994,25832,9.8293606612445465,44.822937666464675,4326
LUGAGNANO,5.000.007,LUGAGNANO VAL D'ARDA,VIA FERMI 9,PC,210,7,O3 (Ozono),ug/m3,565567.33420000039,4963615.8533999994,25832,9.8293606612445465,44.822937666464675,4326
LUGAGNANO,5.000.007,LUGAGNANO VAL D'ARDA,VIA FERMI 9,PC,210,8,NO2 (Biossido di azoto),ug/m3,565567.33420000039,4963615.8533999994,25832,9.8293606612445465,44.822937666464675,4326
LUGAGNANO,5.000.007,LUGAGNANO VAL D'ARDA,VIA FERMI 9,PC,210,9,NOX (Ossidi di azoto),ug/m3,565567.33420000039,4963615.8533999994,25832,9.8293606612445465,44.822937666464675,4326
LUGAGNANO,5.000.007,LUGAGNANO VAL D'ARDA,VIA FERMI 9,PC,210,38,NO (Monossido di azoto),ug/m3,565567.33420000039,4963615.8533999994,25832,9.8293606612445465,44.822937666464675,4326
CENO,5.000.020,PIACENZA,VIA STRADA BORGOFORTE ND,PC,61,5,PM10,ug/m3,557154.34190000035,4989147.4243000001,25832,9.7258436697339707,45.053478283504184,4326
CENO,5.000.020,PIACENZA,VIA STRADA BORGOFORTE ND,PC,61,9,NOX (Ossidi di azoto),ug/m3,557154.34190000035,4989147.4243000001,25832,9.7258436697339707,45.053478283504184,4326
CENO,5.000.020,PIACENZA,VIA STRADA BORGOFORTE ND,PC,61,10,CO (Monossido di carbonio),mg/m3,557154.34190000035,4989147.4243000001,25832,9.7258436697339707,45.053478283504184,4326
CENO,5.000.020,PIACENZA,VIA STRADA BORGOFORTE ND,PC,61,111,PM2.5,ug/m3,557154.34190000035,4989147.4243000001,25832,9.7258436697339707,45.053478283504184,4326
GERBIDO,5.000.024,PIACENZA,VIA LECCACORVI,PC,61,5,PM10,ug/m3,558813.34700000007,4989325.4227000009,25832,9.7469316452477983,45.054944618379842,4326
GERBIDO,5.000.024,PIACENZA,VIA LECCACORVI,PC,61,8,NO2 (Biossido di azoto),ug/m3,558813.34700000007,4989325.4227000009,25832,9.7469316452477983,45.054944618379842,4326
GERBIDO,5.000.024,PIACENZA,VIA LECCACORVI,PC,61,9,NOX (Ossidi di azoto),ug/m3,558813.34700000007,4989325.4227000009,25832,9.7469316452477983,45.054944618379842,4326
GERBIDO,5.000.024,PIACENZA,VIA LECCACORVI,PC,61,10,CO (Monossido di carbonio),mg/m3,558813.34700000007,4989325.4227000009,25832,9.7469316452477983,45.054944618379842,4326
GERBIDO,5.000.024,PIACENZA,VIA LECCACORVI,PC,61,38,NO (Monossido di azoto),ug/m3,558813.34700000007,4989325.4227000009,25832,9.7469316452477983,45.054944618379842,4326
GERBIDO,5.000.024,PIACENZA,VIA LECCACORVI,PC,61,111,PM2.5,ug/m3,558813.34700000007,4989325.4227000009,25832,9.7469316452477983,45.054944618379842,4326
GIORDANI-FARNESE,5.000.033,PIACENZA,VIA GIORDANI 11/13,PC,61,5,PM10,ug/m3,554514.33800000045,4988504.4163000006,25832,9.6922490673028943,45.047898603357751,4326
GIORDANI-FARNESE,5.000.033,PIACENZA,VIA GIORDANI 11/13,PC,61,8,NO2 (Biossido di azoto),ug/m3,554514.33800000045,4988504.4163000006,25832,9.6922490673028943,45.047898603357751,4326
GIORDANI-FARNESE,5.000.033,PIACENZA,VIA GIORDANI 11/13,PC,61,9,NOX (Ossidi di azoto),ug/m3,554514.33800000045,4988504.4163000006,25832,9.6922490673028943,45.047898603357751,4326
GIORDANI-FARNESE,5.000.033,PIACENZA,VIA GIORDANI 11/13,PC,61,10,CO (Monossido di carbonio),mg/m3,554514.33800000045,4988504.4163000006,25832,9.6922490673028943,45.047898603357751,4326
GIORDANI-FARNESE,5.000.033,PIACENZA,VIA GIORDANI 11/13,PC,61,20,C6H6 (Benzene),ug/m3,554514.33800000045,4988504.4163000006,25832,9.6922490673028943,45.047898603357751,4326
PARCO MONTECUCCO,5.000.065,PIACENZA,VIA R. DE LONGE,PC,61,5,PM10,ug/m3,552640.34329999983,4987344.3903999999,25832,9.6683322520948192,45.037598683584235,4326
PARCO MONTECUCCO,5.000.065,PIACENZA,VIA R. DE LONGE,PC,61,7,O3 (Ozono),ug/m3,552640.34329999983,4987344.3903999999,25832,9.6683322520948192,45.037598683584235,4326
PARCO MONTECUCCO,5.000.065,PIACENZA,VIA R. DE LONGE,PC,61,8,NO2 (Biossido di azoto),ug/m3,552640.34329999983,4987344.3903999999,25832,9.6683322520948192,45.037598683584235,4326
PARCO MONTECUCCO,5.000.065,PIACENZA,VIA R. DE LONGE,PC,61,9,NOX (Ossidi di azoto),ug/m3,552640.34329999983,4987344.3903999999,25832,9.6683322520948192,45.037598683584235,4326
PARCO MONTECUCCO,5.000.065,PIACENZA,VIA R. DE LONGE,PC,61,38,NO (Monossido di azoto),ug/m3,552640.34329999983,4987344.3903999999,25832,9.6683322520948192,45.037598683584235,4326
PARCO MONTECUCCO,5.000.065,PIACENZA,VIA R. DE LONGE,PC,61,111,PM2.5,ug/m3,552640.34329999983,4987344.3903999999,25832,9.6683322520948192,45.037598683584235,4326
SARAGAT,2.000.219,COLORNO,VIA SARAGAT,PR,30,5,PM10,ug/m3,608189.98039999977,4975535.2981000002,25832,10.370915450108701,44.925020464110581,4326
SARAGAT,2.000.219,COLORNO,VIA SARAGAT,PR,30,7,O3 (Ozono),ug/m3,608189.98039999977,4975535.2981000002,25832,10.370915450108701,44.925020464110581,4326
SARAGAT,2.000.219,COLORNO,VIA SARAGAT,PR,30,8,NO2 (Biossido di azoto),ug/m3,608189.98039999977,4975535.2981000002,25832,10.370915450108701,44.925020464110581,4326
SARAGAT,2.000.219,COLORNO,VIA SARAGAT,PR,30,9,NOX (Ossidi di azoto),ug/m3,608189.98039999977,4975535.2981000002,25832,10.370915450108701,44.925020464110581,4326
SARAGAT,2.000.219,COLORNO,VIA SARAGAT,PR,30,38,NO (Monossido di azoto),ug/m3,608189.98039999977,4975535.2981000002,25832,10.370915450108701,44.925020464110581,4326
SARAGAT,2.000.219,COLORNO,VIA SARAGAT,PR,30,111,PM2.5,ug/m3,608189.98039999977,4975535.2981000002,25832,10.370915450108701,44.925020464110581,4326
BADIA,2.000.214,LANGHIRANO,BADIA DI TORRECHIARA,PR,202,5,PM10,ug/m3,602146.62490000017,4945685.8004000001,25832,10.288366311688733,44.657269466707035,4326
BADIA,2.000.214,LANGHIRANO,BADIA DI TORRECHIARA,PR,202,7,O3 (Ozono),ug/m3,602146.62490000017,4945685.8004000001,25832,10.288366311688733,44.657269466707035,4326
BADIA,2.000.214,LANGHIRANO,BADIA DI TORRECHIARA,PR,202,8,NO2 (Biossido di azoto),ug/m3,602146.62490000017,4945685.8004000001,25832,10.288366311688733,44.657269466707035,4326
BADIA,2.000.214,LANGHIRANO,BADIA DI TORRECHIARA,PR,202,111,PM2.5,ug/m3,602146.62490000017,4945685.8004000001,25832,10.288366311688733,44.657269466707035,4326
MALCANTONE,2.000.229,MEZZANI,STRADA DEL MALCANTONE,PR,25,5,PM10,ug/m3,610442.9140999997,4971681.2466000002,25832,10.398613283173347,44.889990151797925,4326
MALCANTONE,2.000.229,MEZZANI,STRADA DEL MALCANTONE,PR,25,8,NO2 (Biossido di azoto),ug/m3,610442.9140999997,4971681.2466000002,25832,10.398613283173347,44.889990151797925,4326
MALCANTONE,2.000.229,MEZZANI,STRADA DEL MALCANTONE,PR,25,111,PM2.5,ug/m3,610442.9140999997,4971681.2466000002,25832,10.398613283173347,44.889990151797925,4326
CITTADELLA,2.000.003,PARMA,PARCO CITTADELLA,PR,60,5,PM10,ug/m3,605202.80810000002,4960646.0699000005,25832,10.329985440788905,44.791469691031203,4326
CITTADELLA,2.000.003,PARMA,PARCO CITTADELLA,PR,60,7,O3 (Ozono),ug/m3,605202.80810000002,4960646.0699000005,25832,10.329985440788905,44.791469691031203,4326
CITTADELLA,2.000.003,PARMA,PARCO CITTADELLA,PR,60,8,NO2 (Biossido di azoto),ug/m3,605202.80810000002,4960646.0699000005,25832,10.329985440788905,44.791469691031203,4326
CITTADELLA,2.000.003,PARMA,PARCO CITTADELLA,PR,60,111,PM2.5,ug/m3,605202.80810000002,4960646.0699000005,25832,10.329985440788905,44.791469691031203,4326
MONTEBELLO,2.000.004,PARMA,VIA MONTEBELLO,PR,55,5,PM10,ug/m3,605647.79449999984,4960011.0574999992,25832,10.335477673094585,44.78568905412552,4326
MONTEBELLO,2.000.004,PARMA,VIA MONTEBELLO,PR,55,8,NO2 (Biossido di azoto),ug/m3,605647.79449999984,4960011.0574999992,25832,10.335477673094585,44.78568905412552,4326
MONTEBELLO,2.000.004,PARMA,VIA MONTEBELLO,PR,55,9,NOX (Ossidi di azoto),ug/m3,605647.79449999984,4960011.0574999992,25832,10.335477673094585,44.78568905412552,4326
MONTEBELLO,2.000.004,PARMA,VIA MONTEBELLO,PR,55,10,CO (Monossido di carbonio),mg/m3,605647.79449999984,4960011.0574999992,25832,10.335477673094585,44.78568905412552,4326
MONTEBELLO,2.000.004,PARMA,VIA MONTEBELLO,PR,55,20,C6H6 (Benzene),ug/m3,605647.79449999984,4960011.0574999992,25832,10.335477673094585,44.78568905412552,4326
MONTEBELLO,2.000.004,PARMA,VIA MONTEBELLO,PR,55,38,NO (Monossido di azoto),ug/m3,605647.79449999984,4960011.0574999992,25832,10.335477673094585,44.78568905412552,4326
PARADIGNA,2.000.232,PARMA,VIA PARADIGNA,PR,40,5,PM10,ug/m3,606187.88480000012,4966091.1704999991,25832,10.343573139525686,44.840328498010884,4326
PARADIGNA,2.000.232,PARMA,VIA PARADIGNA,PR,40,8,NO2 (Biossido di azoto),ug/m3,606187.88480000012,4966091.1704999991,25832,10.343573139525686,44.840328498010884,4326
PARADIGNA,2.000.232,PARMA,VIA PARADIGNA,PR,40,20,C6H6 (Benzene),ug/m3,606187.88480000012,4966091.1704999991,25832,10.343573139525686,44.840328498010884,4326
PARADIGNA,2.000.232,PARMA,VIA PARADIGNA,PR,40,111,PM2.5,ug/m3,606187.88480000012,4966091.1704999991,25832,10.343573139525686,44.840328498010884,4326
BOGOLESE,2.000.230,SORBOLO,VIA DELEDDA,PR,35,5,PM10,ug/m3,609922.83299999963,4964806.1432000007,25832,10.390538796685089,44.828198174608552,4326
BOGOLESE,2.000.230,SORBOLO,VIA DELEDDA,PR,35,8,NO2 (Biossido di azoto),ug/m3,609922.83299999963,4964806.1432000007,25832,10.390538796685089,44.828198174608552,4326
BOGOLESE,2.000.230,SORBOLO,VIA DELEDDA,PR,35,111,PM2.5,ug/m3,609922.83299999963,4964806.1432000007,25832,10.390538796685089,44.828198174608552,4326
BALLIRANA,9.000.068,ALFONSINE,VIA CANAL FUSIGNANO,RA,6,7,O3 (Ozono),ug/m3,736908.86730000004,4934675.5532000009,25832,11.981396163112384,44.526486831598426,4326
BALLIRANA,9.000.068,ALFONSINE,VIA CANAL FUSIGNANO,RA,6,8,NO2 (Biossido di azoto),ug/m3,736908.86730000004,4934675.5532000009,25832,11.981396163112384,44.526486831598426,4326
BALLIRANA,9.000.068,ALFONSINE,VIA CANAL FUSIGNANO,RA,6,9,NOX (Ossidi di azoto),ug/m3,736908.86730000004,4934675.5532000009,25832,11.981396163112384,44.526486831598426,4326
BALLIRANA,9.000.068,ALFONSINE,VIA CANAL FUSIGNANO,RA,6,38,NO (Monossido di azoto),ug/m3,736908.86730000004,4934675.5532000009,25832,11.981396163112384,44.526486831598426,4326
BALLIRANA,9.000.068,ALFONSINE,VIA CANAL FUSIGNANO,RA,6,111,PM2.5,ug/m3,736908.86730000004,4934675.5532000009,25832,11.981396163112384,44.526486831598426,4326
DELTA CERVIA,9.000.070,CERVIA,VIA JELENIA GORA 6,RA,0,5,PM10,ug/m3,765815.16249999963,4908693.4695999995,25832,12.331294446351963,44.282902717372124,4326
DELTA CERVIA,9.000.070,CERVIA,VIA JELENIA GORA 6,RA,0,7,O3 (Ozono),ug/m3,765815.16249999963,4908693.4695999995,25832,12.331294446351963,44.282902717372124,4326
DELTA CERVIA,9.000.070,CERVIA,VIA JELENIA GORA 6,RA,0,8,NO2 (Biossido di azoto),ug/m3,765815.16249999963,4908693.4695999995,25832,12.331294446351963,44.282902717372124,4326
DELTA CERVIA,9.000.070,CERVIA,VIA JELENIA GORA 6,RA,0,9,NOX (Ossidi di azoto),ug/m3,765815.16249999963,4908693.4695999995,25832,12.331294446351963,44.282902717372124,4326
DELTA CERVIA,9.000.070,CERVIA,VIA JELENIA GORA 6,RA,0,38,NO (Monossido di azoto),ug/m3,765815.16249999963,4908693.4695999995,25832,12.331294446351963,44.282902717372124,4326
PARCO BERTOZZI,9.000.083,FAENZA,VIA DINO CAMPANA,RA,35,5,PM10,ug/m3,729212.033,4907497.376,25832,11.872664,44.284601,4326
PARCO BERTOZZI,9.000.083,FAENZA,VIA DINO CAMPANA,RA,35,7,O3 (Ozono),ug/m3,729212.033,4907497.376,25832,11.872664,44.284601,4326
PARCO BERTOZZI,9.000.083,FAENZA,VIA DINO CAMPANA,RA,35,8,NO2 (Biossido di azoto),ug/m3,729212.033,4907497.376,25832,11.872664,44.284601,4326
PARCO BERTOZZI,9.000.083,FAENZA,VIA DINO CAMPANA,RA,35,111,PM2.5,ug/m3,729212.033,4907497.376,25832,11.872664,44.284601,4326
CAORLE,9.000.021,RAVENNA,VIA CAORLE,RA,4,1,SO2 (Biossido di zolfo),ug/m3,756695.54150000028,4923393.3984999992,25832,12.224430371864216,44.418310327032813,4326
CAORLE,9.000.021,RAVENNA,VIA CAORLE,RA,4,5,PM10,ug/m3,756695.54150000028,4923393.3984999992,25832,12.224430371864216,44.418310327032813,4326
CAORLE,9.000.021,RAVENNA,VIA CAORLE,RA,4,7,O3 (Ozono),ug/m3,756695.54150000028,4923393.3984999992,25832,12.224430371864216,44.418310327032813,4326
CAORLE,9.000.021,RAVENNA,VIA CAORLE,RA,4,8,NO2 (Biossido di azoto),ug/m3,756695.54150000028,4923393.3984999992,25832,12.224430371864216,44.418310327032813,4326
CAORLE,9.000.021,RAVENNA,VIA CAORLE,RA,4,9,NOX (Ossidi di azoto),ug/m3,756695.54150000028,4923393.3984999992,25832,12.224430371864216,44.418310327032813,4326
CAORLE,9.000.021,RAVENNA,VIA CAORLE,RA,4,38,NO (Monossido di azoto),ug/m3,756695.54150000028,4923393.3984999992,25832,12.224430371864216,44.418310327032813,4326
CAORLE,9.000.021,RAVENNA,VIA CAORLE,RA,4,111,PM2.5,ug/m3,756695.54150000028,4923393.3984999992,25832,12.224430371864216,44.418310327032813,4326
ZALAMELLA,9.000.014,RAVENNA,VIA ZALAMELLA,RA,4,5,PM10,ug/m3,753562.6018000003,4924218.4096000008,25832,12.185540505062633,44.426829890357638,4326
ZALAMELLA,9.000.014,RAVENNA,VIA ZALAMELLA,RA,4,8,NO2 (Biossido di azoto),ug/m3,753562.6018000003,4924218.4096000008,25832,12.185540505062633,44.426829890357638,4326
ZALAMELLA,9.000.014,RAVENNA,VIA ZALAMELLA,RA,4,9,NOX (Ossidi di azoto),ug/m3,753562.6018000003,4924218.4096000008,25832,12.185540505062633,44.426829890357638,4326
ZALAMELLA,9.000.014,RAVENNA,VIA ZALAMELLA,RA,4,10,CO (Monossido di carbonio),mg/m3,753562.6018000003,4924218.4096000008,25832,12.185540505062633,44.426829890357638,4326
ZALAMELLA,9.000.014,RAVENNA,VIA ZALAMELLA,RA,4,20,C6H6 (Benzene),ug/m3,753562.6018000003,4924218.4096000008,25832,12.185540505062633,44.426829890357638,4326
ZALAMELLA,9.000.014,RAVENNA,VIA ZALAMELLA,RA,4,21,C6H5-CH3 (Toluene),ug/m3,753562.6018000003,4924218.4096000008,25832,12.185540505062633,44.426829890357638,4326
ZALAMELLA,9.000.014,RAVENNA,VIA ZALAMELLA,RA,4,38,NO (Monossido di azoto),ug/m3,753562.6018000003,4924218.4096000008,25832,12.185540505062633,44.426829890357638,4326
CASTELLARANO,3.000.001,CASTELLARANO,VIA REVERBERI -,RE,150,5,PM10,ug/m3,637727.4852,4930567.7327999994,25832,10.732918212810619,44.515287337133834,4326
CASTELLARANO,3.000.001,CASTELLARANO,VIA REVERBERI -,RE,150,7,O3 (Ozono),ug/m3,637727.4852,4930567.7327999994,25832,10.732918212810619,44.515287337133834,4326
CASTELLARANO,3.000.001,CASTELLARANO,VIA REVERBERI -,RE,150,8,NO2 (Biossido di azoto),ug/m3,637727.4852,4930567.7327999994,25832,10.732918212810619,44.515287337133834,4326
CASTELLARANO,3.000.001,CASTELLARANO,VIA REVERBERI -,RE,150,9,NOX (Ossidi di azoto),ug/m3,637727.4852,4930567.7327999994,25832,10.732918212810619,44.515287337133834,4326
CASTELLARANO,3.000.001,CASTELLARANO,VIA REVERBERI -,RE,150,38,NO (Monossido di azoto),ug/m3,637727.4852,4930567.7327999994,25832,10.732918212810619,44.515287337133834,4326
CASTELLARANO,3.000.001,CASTELLARANO,VIA REVERBERI -,RE,150,111,PM2.5,ug/m3,637727.4852,4930567.7327999994,25832,10.732918212810619,44.515287337133834,4326
S. ROCCO,3.000.022,GUASTALLA,VIA DELLA MADONNINA,RE,22,5,PM10,ug/m3,631421.70399999991,4970165.0623000003,25832,10.663785437645098,44.872785205483709,4326
S. ROCCO,3.000.022,GUASTALLA,VIA DELLA MADONNINA,RE,22,7,O3 (Ozono),ug/m3,631421.70399999991,4970165.0623000003,25832,10.663785437645098,44.872785205483709,4326
S. ROCCO,3.000.022,GUASTALLA,VIA DELLA MADONNINA,RE,22,8,NO2 (Biossido di azoto),ug/m3,631421.70399999991,4970165.0623000003,25832,10.663785437645098,44.872785205483709,4326
S. ROCCO,3.000.022,GUASTALLA,VIA DELLA MADONNINA,RE,22,9,NOX (Ossidi di azoto),ug/m3,631421.70399999991,4970165.0623000003,25832,10.663785437645098,44.872785205483709,4326
S. ROCCO,3.000.022,GUASTALLA,VIA DELLA MADONNINA,RE,22,38,NO (Monossido di azoto),ug/m3,631421.70399999991,4970165.0623000003,25832,10.663785437645098,44.872785205483709,4326
S. ROCCO,3.000.022,GUASTALLA,VIA DELLA MADONNINA,RE,22,111,PM2.5,ug/m3,631421.70399999991,4970165.0623000003,25832,10.663785437645098,44.872785205483709,4326
S. LAZZARO,3.000.007,REGGIO NELL'EMILIA,VIA AMENDOLA 2,RE,55,5,PM10,ug/m3,631747.56649999972,4949646.7837000005,25832,10.662600361181374,44.688092001886027,4326
S. LAZZARO,3.000.007,REGGIO NELL'EMILIA,VIA AMENDOLA 2,RE,55,8,NO2 (Biossido di azoto),ug/m3,631747.56649999972,4949646.7837000005,25832,10.662600361181374,44.688092001886027,4326
S. LAZZARO,3.000.007,REGGIO NELL'EMILIA,VIA AMENDOLA 2,RE,55,9,NOX (Ossidi di azoto),ug/m3,631747.56649999972,4949646.7837000005,25832,10.662600361181374,44.688092001886027,4326
S. LAZZARO,3.000.007,REGGIO NELL'EMILIA,VIA AMENDOLA 2,RE,55,38,NO (Monossido di azoto),ug/m3,631747.56649999972,4949646.7837000005,25832,10.662600361181374,44.688092001886027,4326
S. LAZZARO,3.000.007,REGGIO NELL'EMILIA,VIA AMENDOLA 2,RE,55,111,PM2.5,ug/m3,631747.56649999972,4949646.7837000005,25832,10.662600361181374,44.688092001886027,4326
TIMAVO,3.000.025,REGGIO NELL'EMILIA,VIALE TIMAVO,RE,59,5,PM10,ug/m3,628488.5800999999,4950748.8287000004,25832,10.621766750217366,44.698600313316852,4326
TIMAVO,3.000.025,REGGIO NELL'EMILIA,VIALE TIMAVO,RE,59,8,NO2 (Biossido di azoto),ug/m3,628488.5800999999,4950748.8287000004,25832,10.621766750217366,44.698600313316852,4326
TIMAVO,3.000.025,REGGIO NELL'EMILIA,VIALE TIMAVO,RE,59,9,NOX (Ossidi di azoto),ug/m3,628488.5800999999,4950748.8287000004,25832,10.621766750217366,44.698600313316852,4326
TIMAVO,3.000.025,REGGIO NELL'EMILIA,VIALE TIMAVO,RE,59,10,CO (Monossido di carbonio),mg/m3,628488.5800999999,4950748.8287000004,25832,10.621766750217366,44.698600313316852,4326
TIMAVO,3.000.025,REGGIO NELL'EMILIA,VIALE TIMAVO,RE,59,20,C6H6 (Benzene),ug/m3,628488.5800999999,4950748.8287000004,25832,10.621766750217366,44.698600313316852,4326
TIMAVO,3.000.025,REGGIO NELL'EMILIA,VIALE TIMAVO,RE,59,21,C6H5-CH3 (Toluene),ug/m3,628488.5800999999,4950748.8287000004,25832,10.621766750217366,44.698600313316852,4326
TIMAVO,3.000.025,REGGIO NELL'EMILIA,VIALE TIMAVO,RE,59,38,NO (Monossido di azoto),ug/m3,628488.5800999999,4950748.8287000004,25832,10.621766750217366,44.698600313316852,4326
FEBBIO,3.000.018,VILLA MINOZZO,VIA PROVINCIALE,RE,1.121,5,PM10,ug/m3,614074.43840000033,4906159.9517000001,25832,10.430049171853797,44.299743699856705,4326
FEBBIO,3.000.018,VILLA MINOZZO,VIA PROVINCIALE,RE,1.121,7,O3 (Ozono),ug/m3,614074.43840000033,4906159.9517000001,25832,10.430049171853797,44.299743699856705,4326
FEBBIO,3.000.018,VILLA MINOZZO,VIA PROVINCIALE,RE,1.121,8,NO2 (Biossido di azoto),ug/m3,614074.43840000033,4906159.9517000001,25832,10.430049171853797,44.299743699856705,4326
FEBBIO,3.000.018,VILLA MINOZZO,VIA PROVINCIALE,RE,1.121,9,NOX (Ossidi di azoto),ug/m3,614074.43840000033,4906159.9517000001,25832,10.430049171853797,44.299743699856705,4326
FEBBIO,3.000.018,VILLA MINOZZO,VIA PROVINCIALE,RE,1.121,38,NO (Monossido di azoto),ug/m3,614074.43840000033,4906159.9517000001,25832,10.430049171853797,44.299743699856705,4326
FLAMINIA,10.000.001,RIMINI,VIA FLAMINIA 79,RN,5,5,PM10,ug/m3,786361.52579999994,4883768.6389000006,25832,12.574738159887808,44.051143568911172,4326
FLAMINIA,10.000.001,RIMINI,VIA FLAMINIA 79,RN,5,8,NO2 (Biossido di azoto),ug/m3,786361.52579999994,4883768.6389000006,25832,12.574738159887808,44.051143568911172,4326
FLAMINIA,10.000.001,RIMINI,VIA FLAMINIA 79,RN,5,9,NOX (Ossidi di azoto),ug/m3,786361.52579999994,4883768.6389000006,25832,12.574738159887808,44.051143568911172,4326
FLAMINIA,10.000.001,RIMINI,VIA FLAMINIA 79,RN,5,20,C6H6 (Benzene),ug/m3,786361.52579999994,4883768.6389000006,25832,12.574738159887808,44.051143568911172,4326
FLAMINIA,10.000.001,RIMINI,VIA FLAMINIA 79,RN,5,21,C6H5-CH3 (Toluene),ug/m3,786361.52579999994,4883768.6389000006,25832,12.574738159887808,44.051143568911172,4326
FLAMINIA,10.000.001,RIMINI,VIA FLAMINIA 79,RN,5,38,NO (Monossido di azoto),ug/m3,786361.52579999994,4883768.6389000006,25832,12.574738159887808,44.051143568911172,4326
MARECCHIA,10.000.002,RIMINI,PARCO XXV APRILE,RN,5,5,PM10,ug/m3,784444.58110000007,4885043.6367000006,25832,12.551539643389923,44.063346558109068,4326
MARECCHIA,10.000.002,RIMINI,PARCO XXV APRILE,RN,5,111,PM2.5,ug/m3,784444.58110000007,4885043.6367000006,25832,12.551539643389923,44.063346558109068,4326
SAN CLEMENTE,10.000.060,SAN CLEMENTE,VIA MORETTI,RN,179,7,O3 (Ozono),ug/m3,791083.38100000005,4870589.6888999995,25832,12.626339131514655,43.930866886665214,4326
SAN CLEMENTE,10.000.060,SAN CLEMENTE,VIA MORETTI,RN,179,8,NO2 (Biossido di azoto),ug/m3,791083.38100000005,4870589.6888999995,25832,12.626339131514655,43.930866886665214,4326
SAN CLEMENTE,10.000.060,SAN CLEMENTE,VIA MORETTI,RN,179,9,NOX (Ossidi di azoto),ug/m3,791083.38100000005,4870589.6888999995,25832,12.626339131514655,43.930866886665214,4326
SAN CLEMENTE,10.000.060,SAN CLEMENTE,VIA MORETTI,RN,179,38,NO (Monossido di azoto),ug/m3,791083.38100000005,4870589.6888999995,25832,12.626339131514655,43.930866886665214,4326
SAN CLEMENTE,10.000.060,SAN CLEMENTE,VIA MORETTI,RN,179,111,PM2.5,ug/m3,791083.38100000005,4870589.6888999995,25832,12.626339131514655,43.930866886665214,4326
SAN LEO,10.000.074,SAN LEO,C/O CIMITERO,RN,540,5,PM10,ug/m3,773049.84559999965,4867082.7818999998,25832,12.400282672449055,43.906253079872272,4326
SAN LEO,10.000.074,SAN LEO,C/O CIMITERO,RN,540,7,O3 (Ozono),ug/m3,773049.84559999965,4867082.7818999998,25832,12.400282672449055,43.906253079872272,4326
SAN LEO,10.000.074,SAN LEO,C/O CIMITERO,RN,540,8,NO2 (Biossido di azoto),ug/m3,773049.84559999965,4867082.7818999998,25832,12.400282672449055,43.906253079872272,4326
SAN LEO,10.000.074,SAN LEO,C/O CIMITERO,RN,540,9,NOX (Ossidi di azoto),ug/m3,773049.84559999965,4867082.7818999998,25832,12.400282672449055,43.906253079872272,4326
SAN LEO,10.000.074,SAN LEO,C/O CIMITERO,RN,540,38,NO (Monossido di azoto),ug/m3,773049.84559999965,4867082.7818999998,25832,12.400282672449055,43.906253079872272,4326
VERUCCHIO,10.000.059,VERUCCHIO,PARCO DEL MARECCHIA,RN,78,5,PM10,ug/m3,774142.75389999989,4878995.6688999999,25832,12.420012045978821,44.012915070947059,4326
VERUCCHIO,10.000.059,VERUCCHIO,PARCO DEL MARECCHIA,RN,78,9,NOX (Ossidi di azoto),ug/m3,774142.75389999989,4878995.6688999999,25832,12.420012045978821,44.012915070947059,4326